<?xml version="1.0" encoding="UTF-8"?>
<office:document-meta xmlns:office="urn:oasis:names:tc:opendocument:xmlns:office:1.0" xmlns:xlink="http://www.w3.org/1999/xlink" xmlns:dc="http://purl.org/dc/elements/1.1/" xmlns:meta="urn:oasis:names:tc:opendocument:xmlns:meta:1.0" xmlns:ooo="http://openoffice.org/2004/office" xmlns:grddl="http://www.w3.org/2003/g/data-view#" office:version="1.2"><office:meta><meta:initial-creator>thanatos </meta:initial-creator><meta:creation-date>2013-07-22T23:24:48</meta:creation-date><dc:date>2013-07-22T23:25:23</dc:date><dc:creator>thanatos </dc:creator><meta:editing-duration>P0D</meta:editing-duration><meta:editing-cycles>1</meta:editing-cycles><meta:document-statistic meta:table-count="0" meta:image-count="1" meta:object-count="0" meta:page-count="1" meta:paragraph-count="3" meta:word-count="9" meta:character-count="58" meta:non-whitespace-character-count="51"/><meta:generator>LibreOffice/4.0.2.2$Linux_X86_64 LibreOffice_project/400m0$Build-2</meta:generator></office:meta></office:document-meta>